{
  "Go": {
    "DefaultVersion": "go1.12.17",
    "VersionExpansion": {
      "go1.18.0": "go1.18",
      "go1.18": "go1.18.2",
      "go1.17.0": "go1.17",
      "go1.17": "go1.17.10",
      "go1.16.0": "go1.16",
      "go1.16": "go1.16.15",
      "go1.15.0": "go1.15",
      "go1.15": "go1.15.15",
      "go1.14.0": "go1.14",
      "go1.14": "go1.14.15",
      "go1.13.0": "go1.13",
      "go1.13": "go1.13.15",
      "go1.12.0": "go1.12",
      "go1.12": "go1.12.17",
      "go1.11.0": "go1.11",
      "go1.11": "go1.11.13",
      "go1.10.0": "go1.10",
      "go1.10": "go1.10.8",
      "go1.9.0": "go1.9",
      "go1.9": "go1.9.7",
      "go1.8.0": "go1.8",
      "go1.8": "go1.8.7",
      "go1.7.0": "go1.7",
      "go1.7": "go1.7.6",
      "go1.6.0": "go1.6",
      "go1.6": "go1.6.4",
      "go1.5.0": "go1.5",
      "go1.5": "go1.5.4",
      "go1.4.0": "go1.4",
      "go1.4": "go1.4.3",
      "go1.3.0": "go1.3",
      "go1.3": "go1.3.3",
      "go1.2.0": "go1.2",
      "go1.2": "go1.2.2",
      "go1.1.0": "go1.1",
      "go1.1": "go1.1.2",
      "go1.0": "go1",
      "go1": "go1.0.3"
    },
    "NeedsConcurrency": [
      "go1",
      "go1.0.1",
      "go1.0.2",
      "go1.0.3",
      "go1.1",
      "go1.1.1",
      "go1.1.2",
      "go1.2",
      "go1.2.1",
      "go1.2.2",
      "go1.3",
      "go1.3.1",
      "go1.3.2",
      "go1.3.3",
      "go1.4",
      "go1.4.1",
      "go1.4.2",
      "go1.4.3",
      "go1.5",
      "go1.5.1",
      "go1.5.2",
      "go1.5.3",
      "go1.5.4"
    ],
    "SupportsVendorExperiment": [
      "go1.5",
      "go1.5.1",
      "go1.5.2",
      "go1.5.3",
      "go1.5.4",
      "go1.6",
      "go1.6.1",
      "go1.6.2",
      "go1.6.3",
      "go1.6.4"
    ]
  },
  "Dep": {
    "DefaultVersion": "v0.5.2"
  },
  "Glide": {
    "DefaultVersion": "v0.13.3"
  },
  "Govendor": {
    "DefaultVersion": "1.0.8"
  },
  "GB": {
    "DefaultVersion": "0.4.4"
  },
  "PkgErrors": {
    "DefaultVersion": "0.8.0"
  },
  "HG": {
    "DefaultVersion": "3.9"
  },
  "BZR": {
    "DefaultVersion": "2.7.0"
  },
  "MattesMigrate": {
    "DefaultVersion": "v3.0.0"
  },
  "GolangMigrate": {
    "DefaultVersion": "v3.4.0"
  },
  "tq": {
    "DefaultVersion": "v0.5"
  },
  "test": {
    "assets": [
      "dep-v0.5.2-linux-amd64",
      "errors-0.8.0.tar.gz",
      "gb-0.4.4.tar.gz",
      "glide-v0.13.3-linux-amd64.tar.gz",
      "go1.10.8.linux-amd64.tar.gz",
      "go1.11.13.linux-amd64.tar.gz",
      "go1.12.17.linux-amd64.tar.gz",
      "go1.14.2.linux-amd64.tar.gz",
      "go1.15.15.linux-amd64.tar.gz",
      "go1.16rc1.linux-amd64.tar.gz",
      "go1.16.15.linux-amd64.tar.gz",
      "go1.17.10.linux-amd64.tar.gz",
      "go1.18.2.linux-amd64.tar.gz",
      "go1.4.3.linux-amd64.tar.gz",
      "go1.6.4.linux-amd64.tar.gz",
      "go1.7.6.linux-amd64.tar.gz",
      "go1.8.3.linux-amd64.tar.gz",
      "godep_linux_amd64",
      "golangci-lint-1.20.0-linux-amd64.tar.gz",
      "govendor_linux_amd64",
      "jq-linux64",
      "mercurial-3.9.tar.gz",
      "migrate-v3.0.0-linux-amd64.tar.gz",
      "migrate-v3.4.0-linux-amd64.tar.gz",
      "stdlib.sh.v8",
      "tq-v0.5-linux-amd64"
    ]
  }
}
