{
  "bzr-2.7.0.tar.gz": {
    "SHA": "0d451227b705a0dd21d8408353fe7e44d3a5069e6c4c26e5f146f1314b8fdab3",
    "URL": "https://launchpad.net/bzr/2.7/2.7.0/+download/bzr-2.7.0.tar.gz"
  },
  "dep-linux-amd64": {
    "Comment": "This is here for backwards compat. Remove after a while.",
    "LocalName": "dep",
    "SHA": "408b970c0acacad309d350fc46d718e4a8885b588eca71f4d73e5d6c521ef944",
    "URL": "https://github.com/golang/dep/releases/download/v0.3.1/dep-linux-amd64"
  },
  "dep-v0.3.1-linux-amd64": {
    "LocalName": "dep",
    "SHA": "408b970c0acacad309d350fc46d718e4a8885b588eca71f4d73e5d6c521ef944",
    "URL": "https://github.com/golang/dep/releases/download/v0.3.1/dep-linux-amd64"
  },
  "dep-v0.4.0-linux-amd64": {
    "LocalName": "dep",
    "SHA": "228088ab0fe15dff6779f4e48223a6dd39544d3348b2f43b28b96eae27f341b5",
    "URL": "https://github.com/golang/dep/releases/download/v0.4.0/dep-linux-amd64"
  },
  "dep-v0.4.1-linux-amd64": {
    "LocalName": "dep",
    "SHA": "31144e465e52ffbc0035248a10ddea61a09bf28b00784fd3fdd9882c8cbb2315",
    "URL": "https://github.com/golang/dep/releases/download/v0.4.1/dep-linux-amd64"
  },
  "dep-v0.5.0-linux-amd64": {
    "LocalName": "dep",
    "SHA": "287b08291e14f1fae8ba44374b26a2b12eb941af3497ed0ca649253e21ba2f83",
    "URL": "https://github.com/golang/dep/releases/download/v0.5.0/dep-linux-amd64"
  },
  "dep-v0.5.1-linux-amd64": {
    "LocalName": "dep",
    "SHA": "7479cca72da0596bb3c23094d363ea32b7336daa5473fa785a2099be28ecd0e3",
    "URL": "https://github.com/golang/dep/releases/download/v0.5.1/dep-linux-amd64"
  },
  "dep-v0.5.2-linux-amd64": {
    "LocalName": "dep",
    "SHA": "d2d7e7a620b7cca79a7d6884813acea4e848ffe01b4a1d59ddf135fe0eb17f1b",
    "URL": "https://github.com/golang/dep/releases/download/0.5.2/dep-linux-amd64"
  },
  "errors-0.8.0.tar.gz": {
    "SHA": "bacf6c58e490911398cee61742ddc6a90c560733e4c9dcb3d867b17a894c9dd5",
    "URL": "https://github.com/pkg/errors/archive/v0.8.0.tar.gz"
  },
  "gb-0.4.3.tar.gz": {
    "SHA": "480ae2376d20b1c3768b6600d7f9f0c9395071a692c14ea27f9560cccfb3151e",
    "URL": "https://github.com/constabulary/gb/archive/v0.4.3.tar.gz"
  },
  "gb-0.4.4-pre.tar.gz": {
    "SHA": "f8b3847558d45f8d3a9f8252ab353d5793f1622e78138ec974ea956d7ae4d9d0",
    "URL": "created manually from commit 137520c0f2217d8b7f934dc307865488ef31b551"
  },
  "gb-0.4.4.tar.gz": {
    "SHA": "c7993ae1994ad85cbe35b833d36a137772599fe7ed720edec2d76ebf3fc4313b",
    "URL": "https://github.com/constabulary/gb/archive/v0.4.4.tar.gz"
  },
  "glide-v0.12.3-linux-amd64.tar.gz": {
    "SHA": "0e2be5e863464610ebc420443ccfab15cdfdf1c4ab63b5eb25d1216900a75109",
    "URL": "https://github.com/Masterminds/glide/releases/download/v0.12.3/glide-v0.12.3-linux-amd64.tar.gz"
  },
  "glide-v0.13.3-linux-amd64.tar.gz": {
    "SHA": "ba5619955a28d7931a9ae38d095fc5fa5acc28e77abc8737a8136c652d9cbb38",
    "URL": "https://github.com/Masterminds/glide/releases/download/v0.13.3/glide-v0.13.3-linux-amd64.tar.gz"
  },
  "go.go1.linux-amd64.tar.gz": {
    "SHA": "9c0cb8a5421727f07d805cb77528d966b8e25cecb239b3ec869c2bf7b5058935",
    "URL": "https://storage.googleapis.com/google-code-archive-downloads/v2/code.google.com/go/go.go1.linux-amd64.tar.gz"
  },
  "go1.0.1.linux-amd64.tar.gz": {
    "SHA": "6b28d28da5ba30ca2bef0ffad6935a56b21b866c27acb547931eeb5130a48de4",
    "URL": "https://storage.googleapis.com/google-code-archive-downloads/v2/code.google.com/go/go1.0.1.linux-amd64.tar.gz"
  },
  "go1.0.2.linux-amd64.tar.gz": {
    "SHA": "f3ceda81d68348fcb472c52371dcc00e2999a10bba3360ca0226d6b81475c8a0",
    "URL": "https://storage.googleapis.com/google-code-archive-downloads/v2/code.google.com/go/go1.0.2.linux-amd64.tar.gz"
  },
  "go1.0.3.linux-amd64.tar.gz": {
    "SHA": "c3389f7069369950bb196d169100d10c5d4eb4ecd5ab5c848d79c3d072244ab6",
    "URL": "https://storage.googleapis.com/google-code-archive-downloads/v2/code.google.com/go/go1.0.3.linux-amd64.tar.gz"
  },
  "go1.1.1.linux-amd64.tar.gz": {
    "SHA": "71ff6e7bfd8f59a12f2fc7b7abf5d006fad24664e11e39bec61c2ac84d2e573f",
    "URL": "https://storage.googleapis.com/google-code-archive-downloads/v2/code.google.com/go/go1.1.1.linux-amd64.tar.gz"
  },
  "go1.1.2.linux-amd64.tar.gz": {
    "SHA": "ad583ff91bd2955fc48d24001785587e3c3b5ce5c09e4971a37028db4c3f6a98",
    "URL": "https://storage.googleapis.com/google-code-archive-downloads/v2/code.google.com/go/go1.1.2.linux-amd64.tar.gz"
  },
  "go1.1.linux-amd64.tar.gz": {
    "SHA": "2ed0548bc9f9071c24d253f945dd8354bdaa8a9925e48ad5eef586afbf6cfe8a",
    "URL": "https://storage.googleapis.com/google-code-archive-downloads/v2/code.google.com/go/go1.1.linux-amd64.tar.gz"
  },
  "go1.10.1.linux-amd64.tar.gz": {
    "SHA": "72d820dec546752e5a8303b33b009079c15c2390ce76d67cf514991646c6127b",
    "URL": "https://dl.google.com/go/go1.10.1.linux-amd64.tar.gz"
  },
  "go1.10.2.linux-amd64.tar.gz": {
    "SHA": "4b677d698c65370afa33757b6954ade60347aaca310ea92a63ed717d7cb0c2ff",
    "URL": "https://dl.google.com/go/go1.10.2.linux-amd64.tar.gz"
  },
  "go1.10.3.linux-amd64.tar.gz": {
    "SHA": "fa1b0e45d3b647c252f51f5e1204aba049cde4af177ef9f2181f43004f901035",
    "URL": "https://dl.google.com/go/go1.10.3.linux-amd64.tar.gz"
  },
  "go1.10.4.linux-amd64.tar.gz": {
    "SHA": "fa04efdb17a275a0c6e137f969a1c4eb878939e91e1da16060ce42f02c2ec5ec",
    "URL": "https://dl.google.com/go/go1.10.4.linux-amd64.tar.gz"
  },
  "go1.10.5.linux-amd64.tar.gz": {
    "SHA": "a035d9beda8341b645d3f45a1b620cf2d8fb0c5eb409be36b389c0fd384ecc3a",
    "URL": "https://storage.googleapis.com/golang/go1.10.5.linux-amd64.tar.gz"
  },
  "go1.10.6.linux-amd64.tar.gz": {
    "SHA": "acbdedf28b55b38d2db6f06209a25a869a36d31bdcf09fd2ec3d40e1279e0592",
    "URL": "https://storage.googleapis.com/golang/go1.10.6.linux-amd64.tar.gz"
  },
  "go1.10.7.linux-amd64.tar.gz": {
    "SHA": "1aabe10919048822f3bb1865f7a22f8b78387a12c03cd573101594bc8fb33579",
    "URL": "https://storage.googleapis.com/golang/go1.10.7.linux-amd64.tar.gz"
  },
  "go1.10.8.linux-amd64.tar.gz": {
    "SHA": "d8626fb6f9a3ab397d88c483b576be41fa81eefcec2fd18562c87626dbb3c39e",
    "URL": "https://storage.googleapis.com/golang/go1.10.8.linux-amd64.tar.gz"
  },
  "go1.10.linux-amd64.tar.gz": {
    "SHA": "b5a64335f1490277b585832d1f6c7f8c6c11206cba5cd3f771dcb87b98ad1a33",
    "URL": "https://dl.google.com/go/go1.10.linux-amd64.tar.gz"
  },
  "go1.10beta1.linux-amd64.tar.gz": {
    "SHA": "ec7a10b5bf147a8e06cf64e27384ff3c6d065c74ebd8fdd31f572714f74a1055",
    "URL": "https://storage.googleapis.com/golang/go1.10beta1.linux-amd64.tar.gz"
  },
  "go1.10beta2.linux-amd64.tar.gz": {
    "SHA": "ab3abb7d731dd5ac7a06d5d5e64ef19946f57d4ce34555d262a87b8899901a93",
    "URL": "https://storage.googleapis.com/golang/go1.10beta2.linux-amd64.tar.gz"
  },
  "go1.10rc1.linux-amd64.tar.gz": {
    "SHA": "c10d3cc7760bf3799037bd39027bbffdc568aea21d6fe60fe833373289c7b7c6",
    "URL": "https://dl.google.com/go/go1.10rc1.linux-amd64.tar.gz"
  },
  "go1.10rc2.linux-amd64.tar.gz": {
    "SHA": "6a6a4c0654bc603bcfee4d6ac34a479c260ac61b3edcc8d6773384eb0bda512e",
    "URL": "https://dl.google.com/go/go1.10rc2.linux-amd64.tar.gz"
  },
  "go1.11.1.linux-amd64.tar.gz": {
    "SHA": "2871270d8ff0c8c69f161aaae42f9f28739855ff5c5204752a8d92a1c9f63993",
    "URL": "https://storage.googleapis.com/golang/go1.11.1.linux-amd64.tar.gz"
  },
  "go1.11.10.linux-amd64.tar.gz": {
    "SHA": "aefaa228b68641e266d1f23f1d95dba33f17552ba132878b65bb798ffa37e6d0",
    "URL": "https://storage.googleapis.com/golang/go1.11.10.linux-amd64.tar.gz"
  },
  "go1.11.11.linux-amd64.tar.gz": {
    "SHA": "2fd47b824d6e32154b0f6c8742d066d816667715763e06cebb710304b195c775",
    "URL": "https://storage.googleapis.com/golang/go1.11.11.linux-amd64.tar.gz"
  },
  "go1.11.12.linux-amd64.tar.gz": {
    "SHA": "14ec881815eb9e6618f95df5eb385d961283efc196d97912595ba6484a56180d",
    "URL": "https://storage.googleapis.com/golang/go1.11.12.linux-amd64.tar.gz"
  },
  "go1.11.13.linux-amd64.tar.gz": {
    "SHA": "50fe8e13592f8cf22304b9c4adfc11849a2c3d281b1d7e09c924ae24874c6daa",
    "URL": "https://storage.googleapis.com/golang/go1.11.13.linux-amd64.tar.gz"
  },
  "go1.11.2.linux-amd64.tar.gz": {
    "SHA": "1dfe664fa3d8ad714bbd15a36627992effd150ddabd7523931f077b3926d736d",
    "URL": "https://storage.googleapis.com/golang/go1.11.2.linux-amd64.tar.gz"
  },
  "go1.11.3.linux-amd64.tar.gz": {
    "SHA": "d20a4869ffb13cee0f7ee777bf18c7b9b67ef0375f93fac1298519e0c227a07f",
    "URL": "https://storage.googleapis.com/golang/go1.11.3.linux-amd64.tar.gz"
  },
  "go1.11.4.linux-amd64.tar.gz": {
    "SHA": "fb26c30e6a04ad937bbc657a1b5bba92f80096af1e8ee6da6430c045a8db3a5b",
    "URL": "https://storage.googleapis.com/golang/go1.11.4.linux-amd64.tar.gz"
  },
  "go1.11.5.linux-amd64.tar.gz": {
    "SHA": "ff54aafedff961eb94792487e827515da683d61a5f9482f668008832631e5d25",
    "URL": "https://storage.googleapis.com/golang/go1.11.5.linux-amd64.tar.gz"
  },
  "go1.11.6.linux-amd64.tar.gz": {
    "SHA": "4e1864282d8d20010d6385a12a1e35641783a380a7c57907bfb46a5499c5eb49",
    "URL": "https://storage.googleapis.com/golang/go1.11.6.linux-amd64.tar.gz"
  },
  "go1.11.7.linux-amd64.tar.gz": {
    "SHA": "db687814288b3b541c1754dfd4ecc2b8fd0d5e7995624945e3054a350ca573d8",
    "URL": "https://storage.googleapis.com/golang/go1.11.7.linux-amd64.tar.gz"
  },
  "go1.11.8.linux-amd64.tar.gz": {
    "SHA": "e32ab1c934b747999d04e8a550b97f4647f8b1b43e152de5650d4476bfd1d2e1",
    "URL": "https://storage.googleapis.com/golang/go1.11.8.linux-amd64.tar.gz"
  },
  "go1.11.9.linux-amd64.tar.gz": {
    "SHA": "e88aa3e39104e3ba6a95a4e05629348b4a1ec82791fb3c941a493ca349730608",
    "URL": "https://storage.googleapis.com/golang/go1.11.9.linux-amd64.tar.gz"
  },
  "go1.11.linux-amd64.tar.gz": {
    "SHA": "b3fcf280ff86558e0559e185b601c9eade0fd24c900b4c63cd14d1d38613e499",
    "URL": "https://storage.googleapis.com/golang/go1.11.linux-amd64.tar.gz"
  },
  "go1.11beta1.linux-amd64.tar.gz": {
    "SHA": "df7fe096ffab5d331d35c6d038d2ec0426b45ce17f55a93037e371d3af9d4e6d",
    "URL": "https://storage.googleapis.com/golang/go1.11beta1.linux-amd64.tar.gz"
  },
  "go1.11beta2.linux-amd64.tar.gz": {
    "SHA": "ccb60f1ae6efe4fcef115db8143eb7f9ba134c63486f47b2c5176706ede35af5",
    "URL": "https://storage.googleapis.com/golang/go1.11beta2.linux-amd64.tar.gz"
  },
  "go1.11rc1.linux-amd64.tar.gz": {
    "SHA": "1a071f069982427b245aea736d3174e065a12e8481c34051c672d62a5ca59ca9",
    "URL": "https://storage.googleapis.com/golang/go1.11rc1.linux-amd64.tar.gz"
  },
  "go1.11rc2.linux-amd64.tar.gz": {
    "SHA": "7d3fc1dec64b056cbd22ffd80bb9733725c1296aabfd58cc92bab8a5c6560e03",
    "URL": "https://storage.googleapis.com/golang/go1.11rc2.linux-amd64.tar.gz"
  },
  "go1.12.1.linux-amd64.tar.gz": {
    "SHA": "2a3fdabf665496a0db5f41ec6af7a9b15a49fbe71a85a50ca38b1f13a103aeec",
    "URL": "https://storage.googleapis.com/golang/go1.12.1.linux-amd64.tar.gz"
  },
  "go1.12.10.linux-amd64.tar.gz": {
    "SHA": "aaa84147433aed24e70b31da369bb6ca2859464a45de47c2a5023d8573412f6b",
    "URL": "https://storage.googleapis.com/golang/go1.12.10.linux-amd64.tar.gz"
  },
  "go1.12.11.linux-amd64.tar.gz": {
    "SHA": "2c5960292da8b747d83f171a28a04116b2977e809169c344268c893e4cf0a857",
    "URL": "https://storage.googleapis.com/golang/go1.12.11.linux-amd64.tar.gz"
  },
  "go1.12.12.linux-amd64.tar.gz": {
    "SHA": "4cf11ac6a8fa42d26ab85e27a5d916ee171900a87745d9f7d4a29a21587d78fc",
    "URL": "https://storage.googleapis.com/golang/go1.12.12.linux-amd64.tar.gz"
  },
  "go1.12.13.linux-amd64.tar.gz": {
    "SHA": "da036454cb3353f9f507f0ceed4048feac611065e4e1818b434365eb32ac9bdc",
    "URL": "https://storage.googleapis.com/golang/go1.12.13.linux-amd64.tar.gz"
  },
  "go1.12.14.linux-amd64.tar.gz": {
    "SHA": "925a1a9d8b31c2425d7313fe73d3342288968a66e26cd8bf1b6b5656f4603fcb",
    "URL": "https://storage.googleapis.com/golang/go1.12.14.linux-amd64.tar.gz"
  },
  "go1.12.15.linux-amd64.tar.gz": {
    "SHA": "61068419f3d3fcd3cc415c352c4a93d6ae0e723ac18a22ac572b4904d78b5a4c",
    "URL": "https://storage.googleapis.com/golang/go1.12.15.linux-amd64.tar.gz"
  },
  "go1.12.16.linux-amd64.tar.gz": {
    "SHA": "bf3a85d75658144c06ce986ba05e07ef08af4320089b74b1d41de3b0f340ea7e",
    "URL": "https://storage.googleapis.com/golang/go1.12.16.linux-amd64.tar.gz"
  },
  "go1.12.17.linux-amd64.tar.gz": {
    "SHA": "a53dd476129d496047487bfd53d021dd17e0c96895865a0e7d0469ce3db8c8d2",
    "URL": "https://storage.googleapis.com/golang/go1.12.17.linux-amd64.tar.gz"
  },
  "go1.12.2.linux-amd64.tar.gz": {
    "SHA": "f28c1fde8f293cc5c83ae8de76373cf76ae9306909564f54e0edcf140ce8fe3f",
    "URL": "https://storage.googleapis.com/golang/go1.12.2.linux-amd64.tar.gz"
  },
  "go1.12.3.linux-amd64.tar.gz": {
    "SHA": "3924819eed16e55114f02d25d03e77c916ec40b7fd15c8acb5838b63135b03df",
    "URL": "https://storage.googleapis.com/golang/go1.12.3.linux-amd64.tar.gz"
  },
  "go1.12.4.linux-amd64.tar.gz": {
    "SHA": "d7d1f1f88ddfe55840712dc1747f37a790cbcaa448f6c9cf51bbe10aa65442f5",
    "URL": "https://storage.googleapis.com/golang/go1.12.4.linux-amd64.tar.gz"
  },
  "go1.12.5.linux-amd64.tar.gz": {
    "SHA": "aea86e3c73495f205929cfebba0d63f1382c8ac59be081b6351681415f4063cf",
    "URL": "https://storage.googleapis.com/golang/go1.12.5.linux-amd64.tar.gz"
  },
  "go1.12.6.linux-amd64.tar.gz": {
    "SHA": "dbcf71a3c1ea53b8d54ef1b48c85a39a6c9a935d01fc8291ff2b92028e59913c",
    "URL": "https://storage.googleapis.com/golang/go1.12.6.linux-amd64.tar.gz"
  },
  "go1.12.7.linux-amd64.tar.gz": {
    "SHA": "66d83bfb5a9ede000e33c6579a91a29e6b101829ad41fffb5c5bb6c900e109d9",
    "URL": "https://storage.googleapis.com/golang/go1.12.7.linux-amd64.tar.gz"
  },
  "go1.12.8.linux-amd64.tar.gz": {
    "SHA": "bd26cd4962a362ed3c11835bca32c2e131c2ae050304f2c4df9fa6ded8db85d2",
    "URL": "https://storage.googleapis.com/golang/go1.12.8.linux-amd64.tar.gz"
  },
  "go1.12.9.linux-amd64.tar.gz": {
    "SHA": "ac2a6efcc1f5ec8bdc0db0a988bb1d301d64b6d61b7e8d9e42f662fbb75a2b9b",
    "URL": "https://storage.googleapis.com/golang/go1.12.9.linux-amd64.tar.gz"
  },
  "go1.12.linux-amd64.tar.gz": {
    "SHA": "750a07fef8579ae4839458701f4df690e0b20b8bcce33b437e4df89c451b6f13",
    "URL": "https://storage.googleapis.com/golang/go1.12.linux-amd64.tar.gz"
  },
  "go1.12beta1.linux-amd64.tar.gz": {
    "SHA": "65bfd4a99925f1f85d712f4c1109977aa24ee4c6e198162bf8e819fdde19e875",
    "URL": "https://storage.googleapis.com/golang/go1.12beta1.linux-amd64.tar.gz"
  },
  "go1.12beta2.linux-amd64.tar.gz": {
    "SHA": "9e4884b46a72e0558187a8af6e8733e039432df1b755f14b361f18b63fa5a63e",
    "URL": "https://storage.googleapis.com/golang/go1.12beta2.linux-amd64.tar.gz"
  },
  "go1.12rc1.linux-amd64.tar.gz": {
    "SHA": "e5a03e1f2e065b17b2fbbd3429f18a6f51fe2848e0120586652b9f14ada72c9a",
    "URL": "https://storage.googleapis.com/golang/go1.12rc1.linux-amd64.tar.gz"
  },
  "go1.13.1.linux-amd64.tar.gz": {
    "SHA": "94f874037b82ea5353f4061e543681a0e79657f787437974214629af8407d124",
    "URL": "https://storage.googleapis.com/golang/go1.13.1.linux-amd64.tar.gz"
  },
  "go1.13.10.linux-amd64.tar.gz": {
    "SHA": "8a4cbc9f2b95d114c38f6cbe94a45372d48c604b707db2057c787398dfbf8e7f",
    "URL": "https://storage.googleapis.com/golang/go1.13.10.linux-amd64.tar.gz"
  },
  "go1.13.11.linux-amd64.tar.gz": {
    "SHA": "a4d71ca9e02923fa96669a4b5faf78ee8331b18e7209b09dd87fe763b4838ada",
    "URL": "https://storage.googleapis.com/golang/go1.13.11.linux-amd64.tar.gz"
  },
  "go1.13.12.linux-amd64.tar.gz": {
    "SHA": "9cacc6653563771b458c13056265aa0c21b8a23ca9408278484e4efde4160618",
    "URL": "https://storage.googleapis.com/golang/go1.13.12.linux-amd64.tar.gz"
  },
  "go1.13.13.linux-amd64.tar.gz": {
    "SHA": "0b8573c2335bebef53e819ab8d323456dc2b94838bebdbd8cc6623bb8a6d77b7",
    "URL": "https://storage.googleapis.com/golang/go1.13.13.linux-amd64.tar.gz"
  },
  "go1.13.14.linux-amd64.tar.gz": {
    "SHA": "32617db984b18308f2b00279c763bff060d2739229cb8037217a49c9e691b46a",
    "URL": "https://storage.googleapis.com/golang/go1.13.14.linux-amd64.tar.gz"
  },
  "go1.13.15.linux-amd64.tar.gz": {
    "SHA": "01cc3ddf6273900eba3e2bf311238828b7168b822bb57a9ccab4d7aa2acd6028",
    "URL": "https://storage.googleapis.com/golang/go1.13.15.linux-amd64.tar.gz"
  },
  "go1.13.2.linux-amd64.tar.gz": {
    "SHA": "293b41a6ccd735eebcfb4094b6931bfd187595555cecf3e4386e9e119220c0b7",
    "URL": "https://storage.googleapis.com/golang/go1.13.2.linux-amd64.tar.gz"
  },
  "go1.13.3.linux-amd64.tar.gz": {
    "SHA": "0804bf02020dceaa8a7d7275ee79f7a142f1996bfd0c39216ccb405f93f994c0",
    "URL": "https://storage.googleapis.com/golang/go1.13.3.linux-amd64.tar.gz"
  },
  "go1.13.4.linux-amd64.tar.gz": {
    "SHA": "692d17071736f74be04a72a06dab9cac1cd759377bd85316e52b2227604c004c",
    "URL": "https://storage.googleapis.com/golang/go1.13.4.linux-amd64.tar.gz"
  },
  "go1.13.5.linux-amd64.tar.gz": {
    "SHA": "512103d7ad296467814a6e3f635631bd35574cab3369a97a323c9a585ccaa569",
    "URL": "https://storage.googleapis.com/golang/go1.13.5.linux-amd64.tar.gz"
  },
  "go1.13.6.linux-amd64.tar.gz": {
    "SHA": "a1bc06deb070155c4f67c579f896a45eeda5a8fa54f35ba233304074c4abbbbd",
    "URL": "https://storage.googleapis.com/golang/go1.13.6.linux-amd64.tar.gz"
  },
  "go1.13.7.linux-amd64.tar.gz": {
    "SHA": "b3dd4bd781a0271b33168e627f7f43886b4c5d1c794a4015abf34e99c6526ca3",
    "URL": "https://storage.googleapis.com/golang/go1.13.7.linux-amd64.tar.gz"
  },
  "go1.13.8.linux-amd64.tar.gz": {
    "SHA": "0567734d558aef19112f2b2873caa0c600f1b4a5827930eb5a7f35235219e9d8",
    "URL": "https://storage.googleapis.com/golang/go1.13.8.linux-amd64.tar.gz"
  },
  "go1.13.9.linux-amd64.tar.gz": {
    "SHA": "f4ad8180dd0aaf7d7cda7e2b0a2bf27e84131320896d376549a7d849ecf237d7",
    "URL": "https://storage.googleapis.com/golang/go1.13.9.linux-amd64.tar.gz"
  },
  "go1.13.linux-amd64.tar.gz": {
    "SHA": "68a2297eb099d1a76097905a2ce334e3155004ec08cdea85f24527be3c48e856",
    "URL": "https://storage.googleapis.com/golang/go1.13.linux-amd64.tar.gz"
  },
  "go1.13beta1.linux-amd64.tar.gz": {
    "SHA": "dbd131c92f381a5bc5ca1f0cfd942cb8be7d537007b6f412b5be41ff38a7d0d9",
    "URL": "https://storage.googleapis.com/golang/go1.13beta1.linux-amd64.tar.gz"
  },
  "go1.13rc1.linux-amd64.tar.gz": {
    "SHA": "0b45d086aefcfb9d0ebe7fc9ffbe470e45f9c104a6a97ea275512152cdbfead1",
    "URL": "https://storage.googleapis.com/golang/go1.13rc1.linux-amd64.tar.gz"
  },
  "go1.13rc2.linux-amd64.tar.gz": {
    "SHA": "3cd4490021a5f1f25a7440edca03910e40a38e587b578cf52ab7143a81db1861",
    "URL": "https://storage.googleapis.com/golang/go1.13rc2.linux-amd64.tar.gz"
  },
  "go1.14.1.linux-amd64.tar.gz": {
    "SHA": "2f49eb17ce8b48c680cdb166ffd7389702c0dec6effa090c324804a5cac8a7f8",
    "URL": "https://storage.googleapis.com/golang/go1.14.1.linux-amd64.tar.gz"
  },
  "go1.14.10.linux-amd64.tar.gz": {
    "SHA": "66eb6858f375731ba07b0b33f5c813b141a81253e7e74071eec3ae85e9b37098",
    "URL": "https://storage.googleapis.com/golang/go1.14.10.linux-amd64.tar.gz"
  },
  "go1.14.11.linux-amd64.tar.gz": {
    "SHA": "ef150041e1af0890ecdd98ebdd6c759096884052a584c09ce50b2b5bb9bab2cd",
    "URL": "https://storage.googleapis.com/golang/go1.14.11.linux-amd64.tar.gz"
  },
  "go1.14.12.linux-amd64.tar.gz": {
    "SHA": "fb26f951c88c0685d7df393611189c58e6eabd3c17bdaef37df11355ab8db9d3",
    "URL": "https://storage.googleapis.com/golang/go1.14.12.linux-amd64.tar.gz"
  },
  "go1.14.13.linux-amd64.tar.gz": {
    "SHA": "bfea0c8d7b70c1ad99b0266b321608db57df75820e8f4333efa448a43da01992",
    "URL": "https://storage.googleapis.com/golang/go1.14.13.linux-amd64.tar.gz"
  },
  "go1.14.14.linux-amd64.tar.gz": {
    "SHA": "6f1354c9040d65d1622b451f43c324c1e5197aa9242d00c5a117d0e2625f3e0d",
    "URL": "https://storage.googleapis.com/golang/go1.14.14.linux-amd64.tar.gz"
  },
  "go1.14.15.linux-amd64.tar.gz": {
    "SHA": "c64a57b374a81f7cf1408d2c410a28c6f142414f1ffa9d1062de1d653b0ae0d6",
    "URL": "https://storage.googleapis.com/golang/go1.14.15.linux-amd64.tar.gz"
  },
  "go1.14.2.linux-amd64.tar.gz": {
    "SHA": "6272d6e940ecb71ea5636ddb5fab3933e087c1356173c61f4a803895e947ebb3",
    "URL": "https://storage.googleapis.com/golang/go1.14.2.linux-amd64.tar.gz"
  },
  "go1.14.3.linux-amd64.tar.gz": {
    "SHA": "1c39eac4ae95781b066c144c58e45d6859652247f7515f0d2cba7be7d57d2226",
    "URL": "https://storage.googleapis.com/golang/go1.14.3.linux-amd64.tar.gz"
  },
  "go1.14.4.linux-amd64.tar.gz": {
    "SHA": "aed845e4185a0b2a3c3d5e1d0a35491702c55889192bb9c30e67a3de6849c067",
    "URL": "https://storage.googleapis.com/golang/go1.14.4.linux-amd64.tar.gz"
  },
  "go1.14.5.linux-amd64.tar.gz": {
    "SHA": "82a1b84f16858db03231eb201f90cce2a991078dda543879b87e738e2586854b",
    "URL": "https://storage.googleapis.com/golang/go1.14.5.linux-amd64.tar.gz"
  },
  "go1.14.6.linux-amd64.tar.gz": {
    "SHA": "5c566ddc2e0bcfc25c26a5dc44a440fcc0177f7350c1f01952b34d5989a0d287",
    "URL": "https://storage.googleapis.com/golang/go1.14.6.linux-amd64.tar.gz"
  },
  "go1.14.7.linux-amd64.tar.gz": {
    "SHA": "4a7fa60f323ee1416a4b1425aefc37ea359e9d64df19c326a58953a97ad41ea5",
    "URL": "https://storage.googleapis.com/golang/go1.14.7.linux-amd64.tar.gz"
  },
  "go1.14.8.linux-amd64.tar.gz": {
    "SHA": "5504e077a29d0bd6649ca7b66e317f1a4b264e960f74115d6f0f405c49a8e738",
    "URL": "https://storage.googleapis.com/golang/go1.14.8.linux-amd64.tar.gz"
  },
  "go1.14.9.linux-amd64.tar.gz": {
    "SHA": "f0d26ff572c72c9823ae752d3c81819a81a60c753201f51f89637482531c110a",
    "URL": "https://storage.googleapis.com/golang/go1.14.9.linux-amd64.tar.gz"
  },
  "go1.14.linux-amd64.tar.gz": {
    "SHA": "08df79b46b0adf498ea9f320a0f23d6ec59e9003660b4c9c1ce8e5e2c6f823ca",
    "URL": "https://storage.googleapis.com/golang/go1.14.linux-amd64.tar.gz"
  },
  "go1.14beta1.linux-amd64.tar.gz": {
    "SHA": "ebe68aa4219b673dbd060b8a6d9a339b6b6b0383772aa4349c8183f0a8f339e4",
    "URL": "https://storage.googleapis.com/golang/go1.14beta1.linux-amd64.tar.gz"
  },
  "go1.14rc1.linux-amd64.tar.gz": {
    "SHA": "69398d41e5f6b87cdf3969aae665be4dfd3cc2ef36a61ab47a261f96130ed788",
    "URL": "https://storage.googleapis.com/golang/go1.14rc1.linux-amd64.tar.gz"
  },
  "go1.15.1.linux-amd64.tar.gz": {
    "SHA": "70ac0dbf60a8ee9236f337ed0daa7a4c3b98f6186d4497826f68e97c0c0413f6",
    "URL": "https://dl.google.com/go/go1.15.1.linux-amd64.tar.gz"
  },
  "go1.15.10.linux-amd64.tar.gz": {
    "SHA": "4aa1267517df32f2bf1cc3d55dfc27d0c6b2c2b0989449c96dd19273ccca051d",
    "URL": "https://dl.google.com/go/go1.15.10.linux-amd64.tar.gz"
  },
  "go1.15.11.linux-amd64.tar.gz": {
    "SHA": "8825b72d74b14e82b54ba3697813772eb94add3abf70f021b6bdebe193ed01ec",
    "URL": "https://dl.google.com/go/go1.15.11.linux-amd64.tar.gz"
  },
  "go1.15.12.linux-amd64.tar.gz": {
    "SHA": "bbdb935699e0b24d90e2451346da76121b2412d30930eabcd80907c230d098b7",
    "URL": "https://dl.google.com/go/go1.15.12.linux-amd64.tar.gz"
  },
  "go1.15.13.linux-amd64.tar.gz": {
    "SHA": "3d3beec5fc66659018e09f40abb7274b10794229ba7c1e8bdb7d8ca77b656a13",
    "URL": "https://dl.google.com/go/go1.15.13.linux-amd64.tar.gz"
  },
  "go1.15.14.linux-amd64.tar.gz": {
    "SHA": "6f5410c113b803f437d7a1ee6f8f124100e536cc7361920f7e640fedf7add72d",
    "URL": "https://dl.google.com/go/go1.15.14.linux-amd64.tar.gz"
  },
  "go1.15.15.linux-amd64.tar.gz": {
    "SHA": "0885cf046a9f099e260d98d9ec5d19ea9328f34c8dc4956e1d3cd87daaddb345",
    "URL": "https://dl.google.com/go/go1.15.15.linux-amd64.tar.gz"
  },
  "go1.15.2.linux-amd64.tar.gz": {
    "SHA": "b49fda1ca29a1946d6bb2a5a6982cf07ccd2aba849289508ee0f9918f6bb4552",
    "URL": "https://dl.google.com/go/go1.15.2.linux-amd64.tar.gz"
  },
  "go1.15.3.linux-amd64.tar.gz": {
    "SHA": "010a88df924a81ec21b293b5da8f9b11c176d27c0ee3962dc1738d2352d3c02d",
    "URL": "https://dl.google.com/go/go1.15.3.linux-amd64.tar.gz"
  },
  "go1.15.4.linux-amd64.tar.gz": {
    "SHA": "eb61005f0b932c93b424a3a4eaa67d72196c79129d9a3ea8578047683e2c80d5",
    "URL": "https://dl.google.com/go/go1.15.4.linux-amd64.tar.gz"
  },
  "go1.15.5.linux-amd64.tar.gz": {
    "SHA": "9a58494e8da722c3aef248c9227b0e9c528c7318309827780f16220998180a0d",
    "URL": "https://dl.google.com/go/go1.15.5.linux-amd64.tar.gz"
  },
  "go1.15.6.linux-amd64.tar.gz": {
    "SHA": "3918e6cc85e7eaaa6f859f1bdbaac772e7a825b0eb423c63d3ae68b21f84b844",
    "URL": "https://dl.google.com/go/go1.15.6.linux-amd64.tar.gz"
  },
  "go1.15.7.linux-amd64.tar.gz": {
    "SHA": "0d142143794721bb63ce6c8a6180c4062bcf8ef4715e7d6d6609f3a8282629b3",
    "URL": "https://dl.google.com/go/go1.15.7.linux-amd64.tar.gz"
  },
  "go1.15.8.linux-amd64.tar.gz": {
    "SHA": "d3379c32a90fdf9382166f8f48034c459a8cc433730bc9476d39d9082c94583b",
    "URL": "https://dl.google.com/go/go1.15.8.linux-amd64.tar.gz"
  },
  "go1.15.9.linux-amd64.tar.gz": {
    "SHA": "a55f3e75bc1098045851d40ea74f9d77efc7958e9af85131a96ca387d38b1834",
    "URL": "https://dl.google.com/go/go1.15.9.linux-amd64.tar.gz"
  },
  "go1.15.linux-amd64.tar.gz": {
    "SHA": "2d75848ac606061efe52a8068d0e647b35ce487a15bb52272c427df485193602",
    "URL": "https://dl.google.com/go/go1.15.linux-amd64.tar.gz"
  },
  "go1.16.1.linux-amd64.tar.gz": {
    "SHA": "3edc22f8332231c3ba8be246f184b736b8d28f06ce24f08168d8ecf052549769",
    "URL": "https://dl.google.com/go/go1.16.1.linux-amd64.tar.gz"
  },
  "go1.16.10.linux-amd64.tar.gz": {
    "SHA": "414cd18ce1d193769b9e97d2401ad718755ab47816e13b2a1cde203d263b55cf",
    "URL": "https://dl.google.com/go/go1.16.10.linux-amd64.tar.gz"
  },
  "go1.16.11.linux-amd64.tar.gz": {
    "SHA": "aa22d0e2be68c0a7027a64e76cbb2869332fbc42ce14e3d10b69007b51030775",
    "URL": "https://dl.google.com/go/go1.16.11.linux-amd64.tar.gz"
  },
  "go1.16.12.linux-amd64.tar.gz": {
    "SHA": "7d657e86493ac1d5892f340a7d88b862b12edb5ac6e73c099e8e0668a6c916b7",
    "URL": "https://dl.google.com/go/go1.16.12.linux-amd64.tar.gz"
  },
  "go1.16.13.linux-amd64.tar.gz": {
    "SHA": "275fc03c90c13b0bbff13125a43f1f7a9f9c00a0d5a9f2d5b16dbc2fa2c6e12a",
    "URL": "https://dl.google.com/go/go1.16.13.linux-amd64.tar.gz"
  },
  "go1.16.14.linux-amd64.tar.gz": {
    "SHA": "f4f5f02eb6809ac5bf19b5ad517b23504fd5fc036f6487651968ad36aa7a20e0",
    "URL": "https://dl.google.com/go/go1.16.14.linux-amd64.tar.gz"
  },
  "go1.16.15.linux-amd64.tar.gz": {
    "SHA": "77c782a633186d78c384f972fb113a43c24be0234c42fef22c2d8c4c4c8e7475",
    "URL": "https://dl.google.com/go/go1.16.15.linux-amd64.tar.gz"
  },
  "go1.16.2.linux-amd64.tar.gz": {
    "SHA": "542e936b19542e62679766194364f45141fde55169db2d8d01046555ca9eb4b8",
    "URL": "https://dl.google.com/go/go1.16.2.linux-amd64.tar.gz"
  },
  "go1.16.3.linux-amd64.tar.gz": {
    "SHA": "951a3c7c6ce4e56ad883f97d9db74d3d6d80d5fec77455c6ada6c1f7ac4776d2",
    "URL": "https://dl.google.com/go/go1.16.3.linux-amd64.tar.gz"
  },
  "go1.16.4.linux-amd64.tar.gz": {
    "SHA": "7154e88f5a8047aad4b80ebace58a059e36e7e2e4eb3b383127a28c711b4ff59",
    "URL": "https://dl.google.com/go/go1.16.4.linux-amd64.tar.gz"
  },
  "go1.16.5.linux-amd64.tar.gz": {
    "SHA": "b12c23023b68de22f74c0524f10b753e7b08b1504cb7e417eccebdd3fae49061",
    "URL": "https://dl.google.com/go/go1.16.5.linux-amd64.tar.gz"
  },
  "go1.16.6.linux-amd64.tar.gz": {
    "SHA": "be333ef18b3016e9d7cb7b1ff1fdb0cac800ca0be4cf2290fe613b3d069dfe0d",
    "URL": "https://dl.google.com/go/go1.16.6.linux-amd64.tar.gz"
  },
  "go1.16.7.linux-amd64.tar.gz": {
    "SHA": "7fe7a73f55ba3e2285da36f8b085e5c0159e9564ef5f63ee0ed6b818ade8ef04",
    "URL": "https://dl.google.com/go/go1.16.7.linux-amd64.tar.gz"
  },
  "go1.16.8.linux-amd64.tar.gz": {
    "SHA": "f32501aeb8b7b723bc7215f6c373abb6981bbc7e1c7b44e9f07317e1a300dce2",
    "URL": "https://dl.google.com/go/go1.16.8.linux-amd64.tar.gz"
  },
  "go1.16.9.linux-amd64.tar.gz": {
    "SHA": "d2c095c95f63c2a3ef961000e0ecb9d81d5c68b6ece176e2a8a2db82dc02931c",
    "URL": "https://dl.google.com/go/go1.16.9.linux-amd64.tar.gz"
  },
  "go1.16.linux-amd64.tar.gz": {
    "SHA": "013a489ebb3e24ef3d915abe5b94c3286c070dfe0818d5bca8108f1d6e8440d2",
    "URL": "https://dl.google.com/go/go1.16.linux-amd64.tar.gz"
  },
  "go1.16rc1.linux-amd64.tar.gz": {
    "SHA": "6a62610f56a04bae8702cd2bd73bfea34645c1b89ded3f0b81a841393b6f1f14",
    "URL": "https://storage.googleapis.com/golang/go1.16rc1.linux-amd64.tar.gz"
  },
  "go1.17.1.linux-amd64.tar.gz": {
    "SHA": "dab7d9c34361dc21ec237d584590d72500652e7c909bf082758fb63064fca0ef",
    "URL": "https://dl.google.com/go/go1.17.1.linux-amd64.tar.gz"
  },
  "go1.17.10.linux-amd64.tar.gz": {
    "SHA": "87fc728c9c731e2f74e4a999ef53cf07302d7ed3504b0839027bd9c10edaa3fd",
    "URL": "https://dl.google.com/go/go1.17.10.linux-amd64.tar.gz"
  },
  "go1.17.2.linux-amd64.tar.gz": {
    "SHA": "f242a9db6a0ad1846de7b6d94d507915d14062660616a61ef7c808a76e4f1676",
    "URL": "https://dl.google.com/go/go1.17.2.linux-amd64.tar.gz"
  },
  "go1.17.3.linux-amd64.tar.gz": {
    "SHA": "550f9845451c0c94be679faf116291e7807a8d78b43149f9506c1b15eb89008c",
    "URL": "https://dl.google.com/go/go1.17.3.linux-amd64.tar.gz"
  },
  "go1.17.4.linux-amd64.tar.gz": {
    "SHA": "adab2483f644e2f8a10ae93122f0018cef525ca48d0b8764dae87cb5f4fd4206",
    "URL": "https://dl.google.com/go/go1.17.4.linux-amd64.tar.gz"
  },
  "go1.17.5.linux-amd64.tar.gz": {
    "SHA": "bd78114b0d441b029c8fe0341f4910370925a4d270a6a590668840675b0c653e",
    "URL": "https://dl.google.com/go/go1.17.5.linux-amd64.tar.gz"
  },
  "go1.17.6.linux-amd64.tar.gz": {
    "SHA": "231654bbf2dab3d86c1619ce799e77b03d96f9b50770297c8f4dff8836fc8ca2",
    "URL": "https://dl.google.com/go/go1.17.6.linux-amd64.tar.gz"
  },
  "go1.17.7.linux-amd64.tar.gz": {
    "SHA": "02b111284bedbfa35a7e5b74a06082d18632eff824fd144312f6063943d49259",
    "URL": "https://dl.google.com/go/go1.17.7.linux-amd64.tar.gz"
  },
  "go1.17.8.linux-amd64.tar.gz": {
    "SHA": "980e65a863377e69fd9b67df9d8395fd8e93858e7a24c9f55803421e453f4f99",
    "URL": "https://dl.google.com/go/go1.17.8.linux-amd64.tar.gz"
  },
  "go1.17.9.linux-amd64.tar.gz": {
    "SHA": "9dacf782028fdfc79120576c872dee488b81257b1c48e9032d122cfdb379cca6",
    "URL": "https://dl.google.com/go/go1.17.9.linux-amd64.tar.gz"
  },
  "go1.17.linux-amd64.tar.gz": {
    "SHA": "6bf89fc4f5ad763871cf7eac80a2d594492de7a818303283f1366a7f6a30372d",
    "URL": "https://dl.google.com/go/go1.17.linux-amd64.tar.gz"
  },
  "go1.18.1.linux-amd64.tar.gz": {
    "SHA": "b3b815f47ababac13810fc6021eb73d65478e0b2db4b09d348eefad9581a2334",
    "URL": "https://dl.google.com/go/go1.18.1.linux-amd64.tar.gz"
  },
  "go1.18.2.linux-amd64.tar.gz": {
    "SHA": "e54bec97a1a5d230fc2f9ad0880fcbabb5888f30ed9666eca4a91c5a32e86cbc",
    "URL": "https://dl.google.com/go/go1.18.2.linux-amd64.tar.gz"
  },
  "go1.18.linux-amd64.tar.gz": {
    "SHA": "e85278e98f57cdb150fe8409e6e5df5343ecb13cebf03a5d5ff12bd55a80264f",
    "URL": "https://dl.google.com/go/go1.18.linux-amd64.tar.gz"
  },
  "go1.2.1.linux-amd64.tar.gz": {
    "SHA": "d6e9623b8cf566599003dac6c402d03a62f48d98158bfcfc3b0c743b51ad4be6",
    "URL": "https://storage.googleapis.com/google-code-archive-downloads/v2/code.google.com/go/go1.2.1.linux-amd64.tar.gz"
  },
  "go1.2.2.linux-amd64.tar.gz": {
    "SHA": "6bd151ca49c435462c8bf019477a6244b958ebb5",
    "URL": "https://storage.googleapis.com/golang/go1.2.2.linux-amd64.tar.gz"
  },
  "go1.2.linux-amd64.tar.gz": {
    "SHA": "1252ca0aa0a96d53c0592fbc4ea9c9ff5c6b588169c92e08d06da9d89d9d91f2",
    "URL": "https://storage.googleapis.com/google-code-archive-downloads/v2/code.google.com/go/go1.2.linux-amd64.tar.gz"
  },
  "go1.3.1.linux-amd64.tar.gz": {
    "SHA": "3af011cc19b21c7180f2604fd85fbc4ddde97143",
    "URL": "https://storage.googleapis.com/golang/go1.3.1.linux-amd64.tar.gz"
  },
  "go1.3.2.linux-amd64.tar.gz": {
    "SHA": "0e4b6120eee6d45e2e4374dac4fe7607df4cbe42",
    "URL": "https://storage.googleapis.com/golang/go1.3.2.linux-amd64.tar.gz"
  },
  "go1.3.3.linux-amd64.tar.gz": {
    "SHA": "14068fbe349db34b838853a7878621bbd2b24646",
    "URL": "https://storage.googleapis.com/golang/go1.3.3.linux-amd64.tar.gz"
  },
  "go1.3.linux-amd64.tar.gz": {
    "SHA": "b6b154933039987056ac307e20c25fa508a06ba6",
    "URL": "https://storage.googleapis.com/golang/go1.3.linux-amd64.tar.gz"
  },
  "go1.4.1.linux-amd64.tar.gz": {
    "SHA": "3e871200e13c0b059b14866d428910de0a4c51ed",
    "URL": "https://storage.googleapis.com/golang/go1.4.1.linux-amd64.tar.gz"
  },
  "go1.4.2.linux-amd64.tar.gz": {
    "SHA": "5020af94b52b65cc9b6f11d50a67e4bae07b0aff",
    "URL": "https://storage.googleapis.com/golang/go1.4.2.linux-amd64.tar.gz"
  },
  "go1.4.3.linux-amd64.tar.gz": {
    "SHA": "332b64236d30a8805fc8dd8b3a269915b4c507fe",
    "URL": "https://storage.googleapis.com/golang/go1.4.3.linux-amd64.tar.gz"
  },
  "go1.4.linux-amd64.tar.gz": {
    "SHA": "cd82abcb0734f82f7cf2d576c9528cebdafac4c6",
    "URL": "https://storage.googleapis.com/golang/go1.4.linux-amd64.tar.gz"
  },
  "go1.5.1.linux-amd64.tar.gz": {
    "SHA": "46eecd290d8803887dec718c691cc243f2175fe0",
    "URL": "https://storage.googleapis.com/golang/go1.5.1.linux-amd64.tar.gz"
  },
  "go1.5.2.linux-amd64.tar.gz": {
    "SHA": "cae87ed095e8d94a81871281d35da7829bd1234e",
    "URL": "https://storage.googleapis.com/golang/go1.5.2.linux-amd64.tar.gz"
  },
  "go1.5.3.linux-amd64.tar.gz": {
    "SHA": "43afe0c5017e502630b1aea4d44b8a7f059bf60d7f29dfd58db454d4e4e0ae53",
    "URL": "https://storage.googleapis.com/golang/go1.5.3.linux-amd64.tar.gz"
  },
  "go1.5.4.linux-amd64.tar.gz": {
    "SHA": "a3358721210787dc1e06f5ea1460ae0564f22a0fbd91be9dcd947fb1d19b9560",
    "URL": "https://storage.googleapis.com/golang/go1.5.4.linux-amd64.tar.gz"
  },
  "go1.5.linux-amd64.tar.gz": {
    "SHA": "5817fa4b2252afdb02e11e8b9dc1d9173ef3bd5a",
    "URL": "https://storage.googleapis.com/golang/go1.5.linux-amd64.tar.gz"
  },
  "go1.6.1.linux-amd64.tar.gz": {
    "SHA": "6d894da8b4ad3f7f6c295db0d73ccc3646bce630e1c43e662a0120681d47e988",
    "URL": "https://storage.googleapis.com/golang/go1.6.1.linux-amd64.tar.gz"
  },
  "go1.6.2.linux-amd64.tar.gz": {
    "SHA": "e40c36ae71756198478624ed1bb4ce17597b3c19d243f3f0899bb5740d56212a",
    "URL": "https://storage.googleapis.com/golang/go1.6.2.linux-amd64.tar.gz"
  },
  "go1.6.3.linux-amd64.tar.gz": {
    "SHA": "cdde5e08530c0579255d6153b08fdb3b8e47caabbe717bc7bcd7561275a87aeb",
    "URL": "https://storage.googleapis.com/golang/go1.6.3.linux-amd64.tar.gz"
  },
  "go1.6.4.linux-amd64.tar.gz": {
    "SHA": "b58bf5cede40b21812dfa031258db18fc39746cc0972bc26dae0393acc377aaf",
    "URL": "https://storage.googleapis.com/golang/go1.6.4.linux-amd64.tar.gz"
  },
  "go1.6.linux-amd64.tar.gz": {
    "SHA": "5470eac05d273c74ff8bac7bef5bad0b5abbd1c4052efbdbc8db45332e836b0b",
    "URL": "https://storage.googleapis.com/golang/go1.6.linux-amd64.tar.gz"
  },
  "go1.7.1.linux-amd64.tar.gz": {
    "SHA": "43ad621c9b014cde8db17393dc108378d37bc853aa351a6c74bf6432c1bbd182",
    "URL": "https://storage.googleapis.com/golang/go1.7.1.linux-amd64.tar.gz"
  },
  "go1.7.3.linux-amd64.tar.gz": {
    "SHA": "508028aac0654e993564b6e2014bf2d4a9751e3b286661b0b0040046cf18028e",
    "URL": "https://storage.googleapis.com/golang/go1.7.3.linux-amd64.tar.gz"
  },
  "go1.7.4.linux-amd64.tar.gz": {
    "SHA": "47fda42e46b4c3ec93fa5d4d4cc6a748aa3f9411a2a2b7e08e3a6d80d753ec8b",
    "URL": "https://storage.googleapis.com/golang/go1.7.4.linux-amd64.tar.gz"
  },
  "go1.7.5.linux-amd64.tar.gz": {
    "SHA": "2e4dd6c44f0693bef4e7b46cc701513d74c3cc44f2419bf519d7868b12931ac3",
    "URL": "https://storage.googleapis.com/golang/go1.7.5.linux-amd64.tar.gz"
  },
  "go1.7.6.linux-amd64.tar.gz": {
    "SHA": "ad5808bf42b014c22dd7646458f631385003049ded0bb6af2efc7f1f79fa29ea",
    "URL": "https://storage.googleapis.com/golang/go1.7.6.linux-amd64.tar.gz"
  },
  "go1.7.linux-amd64.tar.gz": {
    "SHA": "702ad90f705365227e902b42d91dd1a40e48ca7f67a2f4b2fd052aaa4295cd95",
    "URL": "https://storage.googleapis.com/golang/go1.7.linux-amd64.tar.gz"
  },
  "go1.8.1.linux-amd64.tar.gz": {
    "SHA": "a579ab19d5237e263254f1eac5352efcf1d70b9dacadb6d6bb12b0911ede8994",
    "URL": "https://storage.googleapis.com/golang/go1.8.1.linux-amd64.tar.gz"
  },
  "go1.8.2.linux-amd64.tar.gz": {
    "SHA": "5477d6c9a4f96fa120847fafa88319d7b56b5d5068e41c3587eebe248b939be7",
    "URL": "https://storage.googleapis.com/golang/go1.8.2.linux-amd64.tar.gz"
  },
  "go1.8.3.linux-amd64.tar.gz": {
    "SHA": "1862f4c3d3907e59b04a757cfda0ea7aa9ef39274af99a784f5be843c80c6772",
    "URL": "https://storage.googleapis.com/golang/go1.8.3.linux-amd64.tar.gz"
  },
  "go1.8.4.linux-amd64.tar.gz": {
    "SHA": "0ef737a0aff9742af0f63ac13c97ce36f0bbc8b67385169e41e395f34170944f",
    "URL": "https://storage.googleapis.com/golang/go1.8.4.linux-amd64.tar.gz"
  },
  "go1.8.5.linux-amd64.tar.gz": {
    "SHA": "4f8aeea2033a2d731f2f75c4d0a4995b357b22af56ed69b3015f4291fca4d42d",
    "URL": "https://storage.googleapis.com/golang/go1.8.5.linux-amd64.tar.gz"
  },
  "go1.8.7.linux-amd64.tar.gz": {
    "SHA": "de32e8db3dc030e1448a6ca52d87a1e04ad31c6b212007616cfcc87beb0e4d60",
    "URL": "https://storage.googleapis.com/golang/go1.8.7.linux-amd64.tar.gz"
  },
  "go1.8.linux-amd64.tar.gz": {
    "SHA": "53ab94104ee3923e228a2cb2116e5e462ad3ebaeea06ff04463479d7f12d27ca",
    "URL": "https://storage.googleapis.com/golang/go1.8.linux-amd64.tar.gz"
  },
  "go1.8beta1.linux-amd64.tar.gz": {
    "SHA": "768d8d73ccea69c9a0941f9ef2333b1ff8c82120abfcdedd4e91af039c674a8d",
    "URL": "https://storage.googleapis.com/golang/go1.8beta1.linux-amd64.tar.gz"
  },
  "go1.8beta2.linux-amd64.tar.gz": {
    "SHA": "4cb9bfb0e82d665871b84070929d6eeb4d51af6bedbc8fdd3df5766e937ef84c",
    "URL": "https://storage.googleapis.com/golang/go1.8beta2.linux-amd64.tar.gz"
  },
  "go1.8rc1.linux-amd64.tar.gz": {
    "SHA": "bb8fe0d81161e4a8b0a8b2145ee5f8a60370baf5d48c07a83f6f09e1ad253bec",
    "URL": "https://storage.googleapis.com/golang/go1.8rc1.linux-amd64.tar.gz"
  },
  "go1.8rc2.linux-amd64.tar.gz": {
    "SHA": "d62c2d44d0c6b434e3cda12505f3c9fb880757e3396af1e9ba861f7b547cc864",
    "URL": "https://storage.googleapis.com/golang/go1.8rc2.linux-amd64.tar.gz"
  },
  "go1.8rc3.linux-amd64.tar.gz": {
    "SHA": "0ff3faba02ac83920a65b453785771e75f128fbf9ba4ad1d5e72c044103f9c7a",
    "URL": "https://storage.googleapis.com/golang/go1.8rc3.linux-amd64.tar.gz"
  },
  "go1.9.1.linux-amd64.tar.gz": {
    "SHA": "07d81c6b6b4c2dcf1b5ef7c27aaebd3691cdb40548500941f92b221147c5d9c7",
    "URL": "https://storage.googleapis.com/golang/go1.9.1.linux-amd64.tar.gz"
  },
  "go1.9.2.linux-amd64.tar.gz": {
    "SHA": "de874549d9a8d8d8062be05808509c09a88a248e77ec14eb77453530829ac02b",
    "URL": "https://storage.googleapis.com/golang/go1.9.2.linux-amd64.tar.gz"
  },
  "go1.9.3.linux-amd64.tar.gz": {
    "SHA": "a4da5f4c07dfda8194c4621611aeb7ceaab98af0b38bfb29e1be2ebb04c3556c",
    "URL": "https://storage.googleapis.com/golang/go1.9.3.linux-amd64.tar.gz"
  },
  "go1.9.4.linux-amd64.tar.gz": {
    "SHA": "15b0937615809f87321a457bb1265f946f9f6e736c563d6c5e0bd2c22e44f779",
    "URL": "https://storage.googleapis.com/golang/go1.9.4.linux-amd64.tar.gz"
  },
  "go1.9.5.linux-amd64.tar.gz": {
    "SHA": "d21bdabf4272c2248c41b45cec606844bdc5c7c04240899bde36c01a28c51ee7",
    "URL": "https://storage.googleapis.com/golang/go1.9.5.linux-amd64.tar.gz"
  },
  "go1.9.6.linux-amd64.tar.gz": {
    "SHA": "d1eb07f99ac06906225ac2b296503f06cc257b472e7d7817b8f822fe3766ebfe",
    "URL": "https://storage.googleapis.com/golang/go1.9.6.linux-amd64.tar.gz"
  },
  "go1.9.7.linux-amd64.tar.gz": {
    "SHA": "88573008f4f6233b81f81d8ccf92234b4f67238df0f0ab173d75a302a1f3d6ee",
    "URL": "https://storage.googleapis.com/golang/go1.9.7.linux-amd64.tar.gz"
  },
  "go1.9.linux-amd64.tar.gz": {
    "SHA": "d70eadefce8e160638a9a6db97f7192d8463069ab33138893ad3bf31b0650a79",
    "URL": "https://storage.googleapis.com/golang/go1.9.linux-amd64.tar.gz"
  },
  "go1.9beta1.linux-amd64.tar.gz": {
    "SHA": "85719a2c704ad1352052e185c760d7c65b9d8a18b491287a7e5f6775ccc27d3b",
    "URL": "https://storage.googleapis.com/golang/go1.9beta1.linux-amd64.tar.gz"
  },
  "go1.9beta2.linux-amd64.tar.gz": {
    "SHA": "023f778f063d2234e7c95f572a92298b307807693f7e045a88c90ecd7a08f29d",
    "URL": "https://storage.googleapis.com/golang/go1.9beta2.linux-amd64.tar.gz"
  },
  "go1.9rc1.linux-amd64.tar.gz": {
    "SHA": "a8ea2ac09878b7a5ac04fe52f144cdc64ab637230638af6975c0f1facbba3ec2",
    "URL": "https://storage.googleapis.com/golang/go1.9rc1.linux-amd64.tar.gz"
  },
  "go1.9rc2.linux-amd64.tar.gz": {
    "SHA": "0d17d440f02505d8fbf6becb777175c242486c1d71046705876dcd20e0574002",
    "URL": "https://storage.googleapis.com/golang/go1.9rc2.linux-amd64.tar.gz"
  },
  "godep_linux_amd64": {
    "LocalName": "godep",
    "SHA": "4f0b1a01461f2a1892c8065989b8561a88a1c1f09e2a36f01042cd759ea1858c",
    "URL": "https://github.com/tools/godep/releases/download/v75/godep_linux_amd64"
  },
  "golangci-lint-1.16.0-linux-amd64.tar.gz": {
    "SHA": "5343fc3ffcbb9910925f4047ec3c9f2e9623dd56a72a17ac76fb2886abc0976b",
    "URL": "https://github.com/golangci/golangci-lint/releases/download/v1.16.0/golangci-lint-1.16.0-linux-amd64.tar.gz"
  },
  "golangci-lint-1.20.0-linux-amd64.tar.gz": {
    "SHA": "5a638cba74fbfb6e11b9dce38e8caf3f18e998b6548118116d631ebcae3ebac5",
    "URL": "https://github.com/golangci/golangci-lint/releases/download/v1.20.0/golangci-lint-1.20.0-linux-amd64.tar.gz"
  },
  "govendor_linux_amd64": {
    "LocalName": "govendor",
    "SHA": "90c587c3c2dffa242ed62c62426cd85bae8a74165d5434ccc0c31ee8e25d2588",
    "URL": "https://github.com/kardianos/govendor/releases/download/v1.0.8/govendor_linux_amd64"
  },
  "jq-linux64": {
    "LocalName": "jq",
    "SHA": "c6b3a7d7d3e7b70c6f51b706a3b90bd01833846c54d32ca32f0027f00226ff6d",
    "URL": "https://github.com/stedolan/jq/releases/download/jq-1.5/jq-linux64"
  },
  "mercurial-3.9.tar.gz": {
    "SHA": "834f25dcff44994198fb8a7ba161a6e24204dbd63c8e6270577e06e6cedbdabc",
    "URL": "https://www.mercurial-scm.org/release/mercurial-3.9.tar.gz"
  },
  "migrate-v3.0.0-linux-amd64.tar.gz": {
    "SHA": "13fbabe2db0ee3f79611c8171b0596939a3f384025f62925ed136267681e4fbf",
    "URL": "https://github.com/mattes/migrate/releases/download/v3.0.0/migrate.linux-amd64.tar.gz"
  },
  "migrate-v3.4.0-linux-amd64.tar.gz": {
    "SHA": "cc4b544f982fb3cf0ac84fe9c78f3fc37513f31daba90f247e9d477f5daf2396",
    "URL": "https://github.com/golang-migrate/migrate/releases/download/v3.4.0/migrate.linux-amd64.tar.gz"
  },
  "stdlib.sh.v8": {
    "SHA": "48b1c663ceda9e93a42fa2ed610fbdd12f9801abd55c317990b30ec75dc3d715",
    "URL": "https://lang-common.s3.amazonaws.com/buildpack-stdlib/v8/stdlib.sh"
  },
  "tq-v0.4-linux-amd64": {
    "LocalName": "tq",
    "SHA": "36d33a30e2cafe4b747b8de2449185a13239fb6da2887dde74f3d390fc639e3b",
    "URL": "https://github.com/heroku/tq/releases/download/v0.4/tq-v0.4-linux-amd64"
  },
  "tq-v0.5-linux-amd64": {
    "LocalName": "tq",
    "SHA": "f22ab0a1694fb329f96e564f1f0b44876b2a60023ef26b1b42a15fb94287378e",
    "URL": "https://github.com/heroku/tq/releases/download/v0.5/tq-v0.5-linux-amd64"
  }
}
